"ID","Description","GeneRatio","BgRatio","pvalue","p.adjust","qvalue","geneID","Count"
"ec00622","Xylene degradation","1/3","38/5704",0.0198565823628821,0.0383326146201285,NA,"C07209",1
"ec00360","Phenylalanine metabolism","1/3","49/5704",0.025555076413419,0.0383326146201285,NA,"C02763",1
"ec00380","Tryptophan metabolism","1/3","83/5704",0.0430288800940584,0.0430288800940584,NA,"C00331",1
