"ID","Description","GeneRatio","BgRatio","pvalue","p.adjust","qvalue","geneID","Count"
"ec00121","Secondary bile acid biosynthesis","4/20","36/5704",6.02736738279705e-06,0.000114519980273144,6.97905696955448e-05,"C17647/C02528/C00695/C15517",4
"ec00564","Glycerophospholipid metabolism","3/20","56/5704",0.000907861023202937,0.00637169132071294,0.00388302518159791,"C00670/C00114/C04230",3
"ec00061","Fatty acid biosynthesis","3/20","58/5704",0.0010060565243231,0.00637169132071294,0.00388302518159791,"C06423/C01571/C02679",3
"ec00600","Sphingolipid metabolism","2/20","27/5704",0.00389019162142764,0.0184784102017813,0.0112610810093958,"C00319/C00195",2
"ec00120","Primary bile acid biosynthesis","2/20","47/5704",0.0114888569493763,0.0436576564076301,0.0266057739880294,"C02528/C00695",2
